City_ID,City,Country,Lat,Lng,Max Temp,Humidity,Cloudiness,Wind Speed,Current Description
0,Albany,US,42.6001,-73.9662,54.57,45,100,1.9,overcast clouds
1,Puerto Ayora,EC,-0.7393,-90.3518,76.96,92,63,10.0,broken clouds
2,Chingola,ZM,-12.529,27.8838,73.38,33,36,4.92,scattered clouds
3,Jamestown,US,42.097,-79.2353,57.06,39,0,6.91,clear sky
4,Lasa,IT,46.6166,10.7002,56.28,66,19,2.26,few clouds
5,Mataura,NZ,-46.1927,168.8643,58.21,93,70,2.73,broken clouds
6,Alyangula,AU,-13.8483,136.4192,82.65,71,15,6.51,few clouds
7,Geraldton,AU,-28.7667,114.6,64.81,82,75,14.97,broken clouds
8,Port Elizabeth,ZA,-33.918,25.5701,63.1,72,100,18.41,overcast clouds
9,Ushuaia,AR,-54.8,-68.3,46.02,65,75,33.38,broken clouds
10,Busselton,AU,-33.65,115.3333,52.74,71,100,12.8,light rain
11,Hermanus,ZA,-34.4187,19.2345,63.81,79,84,15.79,broken clouds
12,Butaritari,KI,3.0707,172.7902,81.39,72,14,21.12,few clouds
13,Te Anau,NZ,-45.4167,167.7167,55.47,98,100,3.31,overcast clouds
14,Bredasdorp,ZA,-34.5322,20.0403,60.62,82,98,15.41,overcast clouds
15,Fortuna,US,40.5982,-124.1573,63.36,55,0,4.61,clear sky
16,Yeppoon,AU,-23.1333,150.7333,73.18,75,0,5.68,clear sky
17,Kahului,US,20.8947,-156.47,84.22,66,20,11.5,few clouds
18,Kutum,SD,14.2,24.6667,75.36,20,22,12.91,few clouds
19,Half Moon Bay,US,37.4636,-122.4286,69.1,64,75,4.61,broken clouds
20,Tondon,GN,10.3667,-13.35,76.84,88,100,1.9,overcast clouds
21,Vaini,TO,-21.2,-175.2,75.36,88,75,13.8,broken clouds
22,Kasongo-Lunda,CD,-6.4667,16.8167,72.52,93,76,1.9,broken clouds
23,East London,ZA,-33.0153,27.9116,63.37,75,100,17.69,overcast clouds
24,Lidkoping,SE,58.5052,13.1577,55.42,96,100,9.89,overcast clouds
25,Rikitea,PF,-23.1203,-134.9692,73.45,77,100,9.8,overcast clouds
26,Chokurdakh,RU,70.6333,147.9167,-7.2,98,97,7.61,overcast clouds
27,Rumonge,BI,-3.9736,29.4386,76.98,65,46,1.66,scattered clouds
28,Hithadhoo,MV,-0.6,73.0833,81.82,79,100,19.51,light rain
29,Tuktoyaktuk,CA,69.4541,-133.0374,14.0,79,75,14.97,broken clouds
30,Luderitz,NA,-26.6481,15.1594,60.53,81,0,11.61,clear sky
31,Atuona,PF,-9.8,-139.0333,76.12,79,16,18.99,few clouds
32,Bambous Virieux,MU,-20.3428,57.7575,74.21,78,40,3.44,light rain
33,Agutaya,PH,11.148,120.9417,79.72,91,100,32.39,overcast clouds
34,Pritzwalk,DE,53.1494,12.1741,61.59,74,100,9.53,overcast clouds
35,Bluff,NZ,-46.6,168.3333,55.83,92,25,6.51,scattered clouds
36,Nanortalik,GL,60.1432,-45.2371,40.78,95,100,18.14,moderate rain
37,Lebu,CL,-37.6167,-73.65,55.33,99,100,8.61,overcast clouds
38,Opuwo,NA,-18.0607,13.84,79.34,27,85,8.75,overcast clouds
39,Slave Lake,CA,55.2834,-114.769,49.98,32,0,23.02,clear sky
40,Cabo San Lucas,MX,22.8909,-109.9124,89.62,64,0,11.5,clear sky
41,Thunder Bay,CA,48.4001,-89.3168,58.98,47,20,19.57,few clouds
42,Kodiak,US,57.79,-152.4072,33.31,51,0,0.0,clear sky
43,Bengkulu,ID,-3.8004,102.2655,73.49,91,100,3.87,overcast clouds
44,Grand Gaube,MU,-20.0064,57.6608,74.37,73,73,4.0,broken clouds
45,Tuatapere,NZ,-46.1333,167.6833,56.7,94,47,5.17,scattered clouds
46,Castro,BR,-24.7911,-50.0119,77.18,60,51,6.49,broken clouds
47,Qaqortoq,GL,60.7167,-46.0333,37.24,99,100,7.34,moderate rain
48,Togur,RU,58.3631,82.8265,25.36,93,100,13.53,light snow
49,Qaanaaq,GL,77.484,-69.3632,-2.07,76,21,7.94,few clouds
50,Fort Nelson,CA,58.8053,-122.7002,24.39,86,75,3.44,broken clouds
51,Cidreira,BR,-30.1811,-50.2056,71.82,71,0,9.55,clear sky
52,Aykhal,RU,66.0,111.5,-2.81,95,66,6.64,broken clouds
53,Derac,HT,19.65,-71.8167,81.07,74,83,8.1,light rain
54,Bima,ID,-8.4667,118.7167,75.02,87,100,5.08,overcast clouds
55,Yellowknife,CA,62.456,-114.3525,21.72,86,75,6.91,light snow
56,Bela,IN,25.9333,81.9833,69.33,60,0,3.31,clear sky
57,Hobart,AU,-42.8794,147.3294,50.25,86,100,8.25,light rain
58,Dikson,RU,73.5069,80.5464,21.13,92,100,4.79,overcast clouds
59,Cayenne,GF,4.9333,-52.3333,89.64,62,40,11.5,scattered clouds
60,Upernavik,GL,72.7868,-56.1549,21.88,71,100,23.82,overcast clouds
61,Punta Arenas,CL,-53.15,-70.9167,44.71,61,75,31.07,broken clouds
62,Tiksi,RU,71.6872,128.8694,7.29,92,100,11.45,overcast clouds
63,Banjar,ID,-8.19,114.9675,72.34,88,63,7.78,broken clouds
64,New Norfolk,AU,-42.7826,147.0587,49.91,83,100,1.01,light rain
65,Kawalu,ID,-7.3817,108.2082,67.95,98,53,1.19,broken clouds
66,Santarem,BR,-2.4431,-54.7083,89.73,58,0,16.11,clear sky
67,Khatanga,RU,71.9667,102.5,-2.54,91,100,4.45,overcast clouds
68,Mahebourg,MU,-20.4081,57.7,74.25,78,40,3.44,scattered clouds
69,Georgetown,MY,5.4112,100.3354,78.24,95,20,0.0,few clouds
70,Nome,US,64.5011,-165.4064,15.87,79,0,3.44,clear sky
71,Jiuquan,CN,39.7432,98.5174,44.67,42,89,1.28,overcast clouds
72,Nadym,RU,65.5333,72.5167,17.4,91,11,14.23,few clouds
73,Namibe,AO,-15.1961,12.1522,69.75,81,52,1.54,broken clouds
74,Aborlan,PH,9.4352,118.5492,77.9,91,100,7.67,moderate rain
75,Fairbanks,US,64.8378,-147.7164,8.82,83,100,3.44,overcast clouds
76,Crossville,US,35.949,-85.0269,69.93,43,0,4.61,clear sky
77,Airai,TL,-8.9266,125.4092,61.0,90,100,0.36,overcast clouds
78,Kaitangata,NZ,-46.2817,169.8464,58.03,93,86,4.25,overcast clouds
79,Narsaq,GL,60.9167,-46.05,34.02,100,100,4.76,snow
80,Dolores,AR,-36.3132,-57.6792,79.0,32,100,8.21,light rain
81,Kinablangan,PH,7.6947,126.5503,78.44,82,100,7.34,overcast clouds
82,Sonoita,MX,31.85,-112.8333,77.07,12,0,3.51,clear sky
83,Namatanai,PG,-3.6667,152.4333,80.1,82,100,5.79,overcast clouds
84,Barrow,US,71.2906,-156.7887,17.62,79,100,6.91,overcast clouds
85,Kamaishi,JP,39.2667,141.8833,53.28,79,52,5.44,broken clouds
86,Elizabeth City,US,36.2946,-76.2511,67.01,78,100,21.85,overcast clouds
87,Cape Town,ZA,-33.9258,18.4232,67.26,67,0,11.5,clear sky
88,Constitucion,CL,-35.3333,-72.4167,60.62,74,88,7.11,overcast clouds
89,Weiser,US,44.251,-116.9693,48.4,52,100,5.19,overcast clouds
90,Diu,IN,20.7141,70.9822,75.9,51,0,8.43,clear sky
91,Charters Towers,AU,-20.1,146.2667,73.96,36,46,8.21,scattered clouds
92,Pandamatenga,BW,-18.5278,25.627,77.29,39,18,1.79,few clouds
93,Puerto El Triunfo,SV,13.2833,-88.55,94.12,65,10,8.77,clear sky
94,Thompson,CA,55.7435,-97.8558,46.56,57,20,17.27,few clouds
95,Guara,BR,-20.4283,-47.8242,90.36,31,87,5.5,overcast clouds
96,Codrington,AU,-38.2667,141.9667,48.7,89,93,9.6,overcast clouds
97,Orocue,CO,4.7912,-71.3354,88.57,60,81,6.67,broken clouds
98,Ostrovnoy,RU,68.0531,39.5131,35.13,96,98,21.18,overcast clouds
99,San Patricio,US,28.017,-97.5169,82.29,28,99,17.74,overcast clouds
100,Bambanglipuro,ID,-7.95,110.2833,74.01,79,96,2.48,overcast clouds
101,Trelew,AR,-43.249,-65.3051,63.41,18,100,29.77,overcast clouds
102,General Pico,AR,-35.6566,-63.7568,80.4,24,100,7.74,light rain
103,Marystown,CA,47.1666,-55.1483,48.96,47,0,17.63,clear sky
104,Taltal,CL,-25.4,-70.4833,63.46,65,22,7.52,few clouds
105,Kichera,RU,55.9375,110.0997,26.55,56,98,5.21,overcast clouds
106,Sitka,US,57.0531,-135.33,39.09,87,75,6.91,moderate rain
107,Goulburn,AU,-34.75,149.7167,46.15,84,99,18.41,overcast clouds
108,Murud,IN,18.3258,72.965,73.4,63,0,5.23,clear sky
109,Sorland,NO,67.667,12.6934,46.26,86,100,16.17,overcast clouds
110,Yulara,AU,-25.2406,130.9889,64.24,100,75,8.05,broken clouds
111,Sepolno Krajenskie,PL,53.452,17.5317,58.48,82,81,8.88,broken clouds
112,La Ronge,CA,55.1001,-105.2842,53.85,28,40,18.41,scattered clouds
113,Havre-Saint-Pierre,CA,50.2334,-63.5986,43.16,61,0,23.02,clear sky
114,Souillac,MU,-20.5167,57.5167,73.78,78,40,3.44,scattered clouds
115,Oussouye,SN,12.485,-16.5469,84.29,70,93,6.6,overcast clouds
116,Saint-Philippe,RE,-21.3585,55.7679,71.19,80,16,9.95,few clouds
117,Bosaso,SO,11.2842,49.1816,79.32,75,4,3.51,clear sky
118,Cockburn Town,TC,21.4612,-71.1419,82.36,69,40,4.61,scattered clouds
119,San Jose,US,37.3394,-121.895,69.85,42,100,1.99,overcast clouds
120,Berdigestyakh,RU,62.0989,126.6992,17.04,93,100,7.52,overcast clouds
121,Lagoa,PT,39.05,-27.9833,62.53,61,19,12.91,light rain
122,Klaksvik,FO,62.2266,-6.589,50.92,92,100,22.3,light rain
123,Luena,AO,-11.7833,19.9167,64.74,92,98,7.49,overcast clouds
124,Darnah,LY,32.767,22.6367,68.81,65,0,19.89,clear sky
125,Katherine,AU,-14.4667,132.2667,82.72,61,58,3.44,broken clouds
126,Sacramento,US,38.4666,-121.3177,74.95,37,0,5.75,clear sky
127,Ponta Do Sol,PT,32.6667,-17.1,73.71,83,8,6.44,clear sky
128,Teknaf,BD,20.8624,92.3058,73.69,83,12,6.44,few clouds
129,Nagato,JP,34.3833,131.2,59.77,76,57,17.92,broken clouds
130,Ribeira Grande,PT,38.5167,-28.7,63.0,59,20,6.91,few clouds
131,Isangel,VU,-19.55,169.2667,78.3,81,0,6.58,clear sky
132,Ilulissat,GL,69.2167,-51.1,36.43,100,100,9.35,light rain
133,Saint-Leu,RE,-21.15,55.2833,72.43,75,42,1.14,scattered clouds
134,Ampanihy,MG,-24.7,44.75,70.32,82,100,5.28,overcast clouds
135,Contamana,PE,-7.3333,-75.0167,93.33,45,100,5.82,moderate rain
136,Grindavik,IS,63.8424,-22.4338,37.87,87,75,9.22,broken clouds
137,Kangaatsiaq,GL,68.3065,-53.4641,36.45,98,100,10.45,moderate rain
138,Caravelas,BR,-17.7125,-39.2481,78.4,79,57,10.92,broken clouds
139,Mar Del Plata,AR,-38.0023,-57.5575,68.02,42,0,18.41,light rain
140,Labuhan,ID,-6.8844,112.2051,75.4,74,99,11.9,overcast clouds
141,Hilo,US,19.7297,-155.09,81.63,78,100,9.22,overcast clouds
142,Ormara,PK,25.2088,64.6357,78.49,76,43,5.03,scattered clouds
143,Saldanha,ZA,-33.0117,17.9442,69.85,86,90,8.19,overcast clouds
144,Buenos Aires,AR,-34.6132,-58.3772,93.97,23,0,9.22,clear sky
145,Henties Bay,NA,-22.116,14.2845,57.96,92,0,8.95,clear sky
146,Ust-Maya,RU,60.4167,134.5333,22.26,93,100,7.34,overcast clouds
147,Bonthe,SL,7.5264,-12.505,78.94,85,100,5.1,overcast clouds
148,Kapaa,US,22.0752,-159.319,80.58,78,40,14.97,scattered clouds
149,Safranbolu,TR,41.2508,32.6942,46.53,90,0,1.12,clear sky
150,Mizdah,LY,31.4451,12.9801,63.99,56,1,6.11,clear sky
151,Sola,VU,-13.8833,167.55,81.27,72,9,4.59,clear sky
152,Arraial Do Cabo,BR,-22.9661,-42.0278,85.96,65,0,10.36,clear sky
153,Flin Flon,CA,54.7682,-101.865,49.84,40,40,13.8,scattered clouds
154,Port Lincoln,AU,-34.7333,135.8667,52.14,75,0,7.9,clear sky
155,Avarua,CK,-21.2078,-159.775,77.05,69,75,11.5,broken clouds
156,Sao Francisco De Paula,BR,-29.4481,-50.5836,75.04,46,0,0.76,clear sky
157,Faanui,PF,-16.4833,-151.75,79.07,78,11,11.5,light rain
158,Lakes Entrance,AU,-37.8811,147.981,53.71,64,98,19.48,overcast clouds
159,Conakry,GN,9.538,-13.6773,81.77,81,55,8.5,light rain
160,Antofagasta,CL,-23.65,-70.4,61.88,68,3,7.76,clear sky
161,Nynashamn,SE,58.9034,17.9479,56.1,95,100,10.56,overcast clouds
162,Kaeo,NZ,-35.1,173.7833,65.32,97,96,10.65,overcast clouds
163,Minggang,CN,32.4586,114.0486,56.25,79,47,6.89,scattered clouds
164,Hambantota,LK,6.1241,81.1185,78.04,76,58,4.88,broken clouds
165,Gat,IL,31.61,34.7642,72.28,71,100,5.7,overcast clouds
166,Puerto Leguizamo,CO,-0.1934,-74.7819,81.55,80,100,1.66,overcast clouds
167,Cherskiy,RU,68.75,161.3,6.13,96,100,7.4,overcast clouds
168,Nabire,ID,-3.3667,135.4833,74.8,93,87,3.91,moderate rain
169,College,US,64.8569,-147.8028,8.8,83,75,3.44,broken clouds
170,Libreville,GA,0.3925,9.4537,73.71,96,100,3.29,very heavy rain
171,Walvis Bay,NA,-22.9575,14.5053,58.08,94,1,4.61,clear sky
172,Lalmohan,BD,22.3384,90.7419,72.55,79,3,8.61,clear sky
173,Carnarvon,AU,-24.8667,113.6333,66.09,63,48,18.75,scattered clouds
174,Nampula,MZ,-15.1165,39.2666,73.09,71,0,7.05,clear sky
175,San Policarpo,PH,12.1791,125.5072,80.28,83,100,24.67,moderate rain
176,Verkhnyaya Sinyachikha,RU,57.976,61.6673,29.98,91,92,6.29,overcast clouds
177,Verkhovazhye,RU,60.7472,42.0465,44.06,98,100,7.47,overcast clouds
178,Buala,SB,-8.145,159.5921,79.57,83,25,0.51,light rain
179,Kirakira,SB,-10.4544,161.9205,79.99,77,47,3.0,scattered clouds
180,Rawson,AR,-43.3002,-65.1023,62.53,21,100,30.49,overcast clouds
181,San Jeronimo,PE,-11.9472,-75.2829,71.76,24,22,6.55,few clouds
182,Kampong Thum,KH,12.7111,104.8887,72.0,89,99,4.47,moderate rain
183,Huarmey,PE,-10.0681,-78.1522,67.69,72,7,10.22,clear sky
184,Provideniya,RU,64.3833,-173.3,15.21,76,85,6.44,overcast clouds
185,Oia,PT,40.5426,-8.5386,71.13,87,95,7.78,overcast clouds
186,Bethel,US,41.3712,-73.414,58.37,41,0,6.91,clear sky
187,Erzurum,TR,40.0,41.5,38.88,78,1,5.37,clear sky
188,Gainesville,US,29.6516,-82.3248,78.78,72,100,11.5,overcast clouds
189,Andra,RU,62.5147,65.8878,19.42,96,44,4.05,scattered clouds
190,Victoria,HK,22.2855,114.1577,77.38,80,9,5.01,clear sky
191,Mount Isa,AU,-20.7333,139.5,71.37,43,0,3.44,clear sky
192,Shubarkuduk,KZ,49.1447,56.4872,37.09,47,100,11.07,overcast clouds
193,Itaituba,BR,-4.2761,-55.9836,89.76,62,20,4.61,few clouds
194,Tasiilaq,GL,65.6145,-37.6368,35.76,77,100,3.65,overcast clouds
195,Komagane,JP,35.7296,137.9396,45.12,88,0,3.2,clear sky
196,Omsukchan,RU,62.5333,155.8,-7.17,99,76,4.16,broken clouds
197,Kedgwick,CA,47.6446,-67.3434,43.02,52,0,6.8,clear sky
198,Port Hedland,AU,-20.3167,118.5667,71.65,68,40,12.66,scattered clouds
199,Alta Floresta,BR,-9.8756,-56.0861,87.62,66,40,8.05,scattered clouds
200,Vila Franca Do Campo,PT,37.7167,-25.4333,61.21,64,2,6.71,clear sky
201,Vangaindrano,MG,-23.35,47.6,71.71,88,91,7.34,overcast clouds
202,Kharp,RU,66.8014,65.8081,16.7,89,37,7.9,scattered clouds
203,Kununurra,AU,-15.7667,128.7333,78.78,83,49,0.0,scattered clouds
204,Zhangjiakou,CN,40.81,114.8794,44.02,74,100,3.51,overcast clouds
205,Kavieng,PG,-2.5744,150.7967,82.85,76,100,11.86,light rain
206,Chikwawa,MW,-16.0335,34.8009,85.48,31,6,5.41,clear sky
207,Atherton,GB,53.5237,-2.4935,57.29,82,12,1.99,few clouds
208,Cortez,US,37.3489,-108.5859,53.94,44,0,10.36,clear sky
209,Toamasina,MG,-18.1667,49.3833,73.4,83,40,5.75,scattered clouds
210,Nikolskoye,RU,59.7035,30.7861,51.69,93,100,7.92,overcast clouds
211,Natal,BR,-5.795,-35.2094,83.05,65,40,19.57,scattered clouds
212,Kaniama,CD,-7.5667,24.1833,67.59,89,100,3.42,overcast clouds
213,Port Hawkesbury,CA,45.6169,-61.3485,51.19,65,0,13.0,clear sky
214,San Quintin,MX,30.4833,-115.95,70.84,57,0,11.01,clear sky
215,Ancud,CL,-41.8697,-73.8203,51.1,73,100,13.29,light rain
216,Flinders,AU,-34.5833,150.8552,61.18,66,22,5.99,few clouds
217,Rocha,UY,-34.4833,-54.3333,78.8,55,37,12.39,scattered clouds
218,Ewa Beach,US,21.3156,-158.0072,80.55,72,40,8.05,scattered clouds
219,Port Macquarie,AU,-31.4333,152.9167,55.89,64,0,6.42,clear sky
220,Makakilo City,US,21.3469,-158.0858,79.12,72,100,8.05,overcast clouds
221,Saskylakh,RU,71.9167,114.0833,-0.8,98,48,8.19,scattered clouds
222,Chifeng,CN,42.2683,118.9636,36.81,69,32,2.46,scattered clouds
223,George,ZA,-33.963,22.4617,58.55,88,94,11.5,overcast clouds
224,Pochutla,MX,15.7432,-96.4661,87.82,66,45,6.6,scattered clouds
225,Dezhou,CN,37.4486,116.2925,51.39,72,100,6.87,overcast clouds
226,Jacareacanga,BR,-6.2222,-57.7528,87.48,55,100,3.83,moderate rain
227,Port Blair,IN,11.6667,92.75,80.64,83,40,2.3,mist
228,Husavik,IS,66.0449,-17.3389,29.34,85,87,12.73,overcast clouds
229,Alofi,NU,-19.0595,-169.9187,76.89,88,100,8.05,overcast clouds
230,Pierre,US,44.3683,-100.351,66.27,30,0,7.0,clear sky
231,Necochea,AR,-38.5473,-58.7368,58.86,60,100,7.76,light rain
232,Paita,PE,-5.0892,-81.1144,69.15,71,34,15.01,scattered clouds
233,Santiago Del Estero,AR,-27.7951,-64.2615,99.36,21,0,12.1,clear sky
234,Idah,NG,7.1065,6.7342,78.94,63,100,2.42,overcast clouds
235,Bowen,AU,-20.0167,148.2333,77.36,80,12,7.94,few clouds
236,Whitehorse,CA,60.7161,-135.0538,20.01,90,100,2.3,overcast clouds
237,Vila Velha,BR,-20.3297,-40.2925,82.35,82,20,19.57,few clouds
238,Sai Buri,TH,6.7013,101.6168,78.96,92,100,6.64,very heavy rain
239,Pevek,RU,69.7008,170.3133,3.33,94,100,4.25,overcast clouds
240,Luoyang,CN,34.6836,112.4536,56.91,72,100,5.5,overcast clouds
241,Bayan,CN,46.0833,127.4,29.95,55,0,2.37,clear sky
242,Port Alfred,ZA,-33.5906,26.891,63.18,79,100,4.0,overcast clouds
243,Belle Fourche,US,44.6714,-103.8522,71.51,21,12,4.88,few clouds
244,Severo-Kurilsk,RU,50.6789,156.125,38.14,66,75,14.0,broken clouds
245,Hervey Bay,AU,-25.2986,152.8535,69.87,55,0,7.47,clear sky
246,Teya,RU,60.3778,92.6267,24.48,85,100,10.13,overcast clouds
247,Ozernovskiy,RU,51.5,156.5167,38.89,69,100,15.97,overcast clouds
248,Pathein,MM,16.7833,94.7333,74.86,93,14,3.29,few clouds
249,Chicama,PE,-7.8447,-79.1469,63.14,60,24,10.16,few clouds
250,Swan River,CA,52.1058,-101.2676,46.29,57,100,16.11,overcast clouds
251,Yarada,IN,17.65,83.2667,75.52,88,20,2.3,mist
252,Carutapera,BR,-1.195,-46.02,82.45,70,93,11.54,overcast clouds
253,Tarija,BO,-21.5355,-64.7296,87.71,23,20,17.27,few clouds
254,Axim,GH,4.8699,-2.2405,78.26,86,33,6.85,scattered clouds
255,Liangxiang,CN,39.7319,116.14,53.58,68,100,3.44,overcast clouds
256,Kamennogorsk,RU,60.9545,29.1339,52.52,96,100,4.85,overcast clouds
257,Koulamoutou,GA,-1.1303,12.4736,70.0,99,100,2.28,light rain
258,San Carlos De Bariloche,AR,-41.1456,-71.3082,51.55,46,40,40.29,scattered clouds
259,Mogadishu,SO,2.0371,45.3438,78.39,84,96,12.01,light rain
260,Kaoma,ZM,-14.7833,24.8,74.93,43,87,4.74,overcast clouds
261,Inirida,CO,3.8653,-67.9239,84.78,72,95,2.33,overcast clouds
262,Dharchula,IN,29.85,80.5333,56.53,50,0,5.48,clear sky
263,Hamilton,US,39.1834,-84.5333,68.14,47,0,6.91,clear sky
264,Novosil,RU,52.9739,37.0405,42.51,93,100,7.02,overcast clouds
265,Miyang,CN,24.4042,103.4428,61.39,97,88,2.86,overcast clouds
266,Santa Rosa,PH,14.3122,121.1114,78.78,93,100,18.81,moderate rain
267,Tanza,PH,14.6753,120.9389,78.85,92,100,15.99,moderate rain
268,Esperance,AU,-33.8667,121.9,52.57,79,5,11.41,clear sky
269,Quelimane,MZ,-17.8786,36.8883,77.09,84,50,8.66,scattered clouds
270,Altus,US,34.6381,-99.334,55.47,87,100,10.36,moderate rain
271,Santa Marta,CO,11.2408,-74.199,89.65,65,20,10.36,few clouds
272,Itarema,BR,-2.9248,-39.9167,80.73,74,65,18.12,broken clouds
273,Boda,CF,4.3189,17.4695,71.46,95,100,2.37,overcast clouds
274,Buin,CL,-33.7333,-70.75,82.44,19,100,10.16,overcast clouds
275,Lashio,MM,22.9333,97.75,63.55,99,87,0.92,overcast clouds
276,Paso De Carrasco,UY,-34.8603,-56.0522,88.25,29,75,11.5,broken clouds
277,Arlit,NE,18.7369,7.3853,79.45,16,0,17.4,clear sky
278,Nantucket,US,41.2835,-70.0995,55.54,82,84,22.12,broken clouds
279,Sambava,MG,-14.2667,50.1667,70.34,83,15,3.8,few clouds
280,Salalah,OM,17.0151,54.0924,78.89,73,0,5.75,clear sky
281,Tura,IN,25.5198,90.2201,64.67,95,0,4.29,clear sky
282,Baykit,RU,61.67,96.37,30.54,97,100,3.42,light snow
283,Lompoc,US,34.6391,-120.4579,72.7,66,0,4.61,clear sky
284,Zalegoshch,RU,52.9008,36.8869,43.0,93,98,6.96,overcast clouds
285,Iwanai,JP,42.9744,140.5089,41.83,94,26,6.22,scattered clouds
286,Broome,US,42.2506,-75.833,59.79,41,0,4.61,clear sky
287,Fort Saint James,CA,54.4333,-124.25,45.93,39,100,9.93,overcast clouds
288,Yenangyaung,MM,20.4667,94.8833,75.47,75,84,5.66,broken clouds
289,Kaputa,ZM,-8.4689,29.6619,78.3,51,93,3.8,overcast clouds
290,Okha,RU,53.5739,142.9478,29.1,80,44,8.46,scattered clouds
291,Ambon,ID,-3.6954,128.1814,79.23,14,20,4.61,few clouds
292,Yoichi,JP,43.2039,140.7703,47.19,82,9,8.7,clear sky
293,Gent,BE,51.05,3.7167,62.65,78,100,6.85,overcast clouds
294,Juba,SS,4.8517,31.5825,76.48,65,85,3.51,overcast clouds
295,Ayan,RU,56.45,138.1667,36.68,43,100,3.47,overcast clouds
296,Saint George,US,37.1041,-113.5841,61.95,24,0,4.61,clear sky
297,Puerto Ayacucho,VE,5.6639,-67.6236,89.51,62,92,1.12,overcast clouds
298,Mubi,NG,10.2676,13.2644,78.06,30,99,4.25,overcast clouds
299,Camacha,PT,33.0833,-16.3333,69.22,78,20,8.05,few clouds
300,Valparaiso,CL,-33.0393,-71.6273,73.63,62,0,11.5,clear sky
301,Horodyshche,UA,49.2849,31.4451,49.68,84,100,6.26,overcast clouds
302,Torbay,CA,47.6666,-52.7314,50.77,59,20,19.57,few clouds
303,Lakselv,NO,70.0513,24.9718,35.42,80,100,18.41,overcast clouds
304,Bubaque,GW,11.2833,-15.8333,82.87,79,100,8.81,overcast clouds
305,Santa Vitoria Do Palmar,BR,-33.5189,-53.3681,76.82,50,0,9.01,clear sky
306,Cerro Punta,PA,8.85,-82.5667,58.73,87,89,1.88,light rain
307,Meadow Lake,US,34.8014,-106.5436,59.43,34,0,5.46,clear sky
308,Katsuura,JP,35.1333,140.3,60.01,81,0,11.9,clear sky
309,Terrace Bay,CA,48.7834,-87.1,44.73,77,8,14.38,clear sky
310,Dauphin,CA,51.1494,-100.0502,51.94,50,0,12.66,clear sky
311,Shahpur,IN,16.7,76.8333,71.67,63,100,8.14,overcast clouds
312,Narasannapeta,IN,18.4167,84.05,71.38,78,0,6.26,clear sky
313,Nouakchott,MR,18.0858,-15.9785,84.13,49,3,11.95,clear sky
314,Najran,SA,17.4924,44.1277,66.85,26,7,1.39,clear sky
315,Pisco,PE,-13.7,-76.2167,64.45,77,75,10.36,haze
316,Victor Harbor,AU,-35.5667,138.6167,49.68,75,25,9.62,scattered clouds
317,Kisangani,CD,0.5167,25.2,71.31,94,100,1.28,light rain
318,Brumunddal,NO,60.881,10.9395,45.66,99,100,1.39,light rain
319,Sur,OM,22.5667,59.5289,78.64,74,0,2.48,clear sky
320,Chulman,RU,56.8479,124.9104,-3.37,100,72,1.68,broken clouds
321,Azogues,EC,-2.7333,-78.8333,69.75,70,99,1.79,light rain
322,Stornoway,GB,58.2093,-6.3865,53.56,88,75,9.22,broken clouds
323,Vallenar,CL,-28.5708,-70.7581,79.07,26,0,8.75,clear sky
324,Challapata,BO,-18.9,-66.7667,62.15,7,3,7.58,clear sky
325,Marovoay,MG,-16.1,46.6333,78.03,81,2,5.73,light rain
326,Hohhot,CN,40.8106,111.6522,46.69,66,40,2.24,light rain
327,Rizhao,CN,35.4275,119.4553,49.86,70,60,8.34,broken clouds
328,Honiara,SB,-9.4333,159.95,79.92,83,55,1.9,broken clouds
329,Parana,AR,-31.732,-60.5238,92.57,26,0,11.39,light rain
330,Sao Filipe,CV,14.8961,-24.4956,80.96,68,81,7.54,broken clouds
331,Kostomuksha,RU,64.571,30.5767,40.59,97,100,9.08,overcast clouds
332,Bom Jesus,BR,-9.0744,-44.3586,84.99,51,100,3.67,overcast clouds
333,Pozo Colorado,PY,-23.4923,-58.7972,86.13,60,97,5.3,overcast clouds
334,Deputatskiy,RU,69.3,139.9,-0.27,96,100,1.83,overcast clouds
335,Srednekolymsk,RU,67.45,153.6833,-4.56,99,96,6.76,overcast clouds
336,Port Hardy,CA,50.6996,-127.4199,48.38,87,100,12.66,light intensity shower rain
337,Tevaitoa,PF,-16.7833,-151.5,79.27,76,16,11.41,light rain
338,Lufilufi,WS,-13.8745,-171.5986,83.98,78,93,11.45,overcast clouds
339,San Cristobal,VE,7.7669,-72.225,75.38,59,72,4.94,broken clouds
340,Acapulco,MX,16.8634,-99.8901,85.82,74,20,6.91,moderate rain
341,Praia,CV,14.9215,-23.5087,86.54,30,0,14.97,clear sky
342,Olafsvik,IS,64.8945,-23.7142,41.11,74,87,3.8,overcast clouds
343,The Valley,AI,18.217,-63.0578,85.86,74,20,18.41,few clouds
344,Inhambane,MZ,-23.865,35.3833,72.77,89,100,10.98,light rain
345,Timizart,DZ,36.8,4.2667,68.85,38,4,5.59,clear sky
346,Berlevag,NO,70.8578,29.0864,35.6,75,75,14.97,broken clouds
347,Bandarbeyla,SO,9.4942,50.8122,79.16,81,42,12.15,light rain
348,Zyryanka,RU,65.75,150.85,-0.58,89,94,8.57,overcast clouds
349,Porto Franco,BR,-6.3383,-47.3992,82.6,69,99,3.53,overcast clouds
350,Sorong,ID,-0.8833,131.25,78.28,83,100,3.89,overcast clouds
351,Kiama,AU,-34.6833,150.8667,62.01,66,13,1.99,few clouds
352,Kamareddi,IN,18.3167,78.35,64.15,71,0,2.86,clear sky
353,Taybad,IR,34.74,60.7756,61.18,30,0,5.46,clear sky
354,Monze,ZM,-16.2833,27.4833,74.25,41,0,5.21,clear sky
355,Shache,CN,38.4167,77.2406,57.7,26,78,4.99,broken clouds
356,Alugan,PH,12.2188,125.4808,79.75,85,100,23.53,heavy intensity rain
357,Saint-Louis,SN,16.3333,-15.0,94.64,15,5,6.87,clear sky
358,Sheridan,US,44.8333,-106.9173,66.31,24,0,19.57,clear sky
359,Poros,GR,37.4994,23.4536,67.86,59,0,24.63,clear sky
360,Yabrud,SY,33.9674,36.6574,56.59,57,8,2.1,clear sky
361,Nancha,CN,47.1333,129.2667,23.54,94,52,1.59,broken clouds
362,Iquique,CL,-20.2208,-70.1431,66.24,68,5,9.64,clear sky
363,Kortkeros,RU,61.8106,51.5806,33.8,98,100,6.73,overcast clouds
364,Garowe,SO,8.4054,48.4845,76.17,72,3,14.47,clear sky
365,Plettenberg Bay,ZA,-34.0527,23.3716,60.13,82,82,13.56,broken clouds
366,Novobirilyussy,RU,56.9514,90.6661,29.17,82,100,9.78,overcast clouds
367,Banda Aceh,ID,5.5577,95.3222,78.58,83,100,7.27,light rain
368,Minab,IR,27.1467,57.0801,80.92,78,100,0.0,overcast clouds
369,Hajnowka,PL,52.7433,23.5812,51.03,90,21,1.01,few clouds
370,Buldana,IN,20.5333,76.1833,67.08,59,0,3.09,clear sky
371,Beira,MZ,-19.8436,34.8389,77.59,83,48,9.82,scattered clouds
372,Umm Kaddadah,SD,13.6017,26.6876,82.74,19,16,13.35,few clouds
373,Carnduff,CA,49.1667,-101.8009,54.77,35,100,11.14,overcast clouds
374,Bodden Town,KY,19.2833,-81.25,86.94,70,40,11.5,scattered clouds
375,Sioux Lookout,CA,50.1001,-91.917,57.27,47,75,16.11,broken clouds
376,Kavaratti,IN,10.5669,72.642,81.43,65,59,6.08,broken clouds
377,Alice Springs,AU,-23.7,133.8833,62.15,94,40,0.0,scattered clouds
378,Simbahan,PH,6.3032,120.5836,82.56,77,100,16.02,overcast clouds
379,Bereda,ES,43.2686,-7.5406,60.42,100,100,12.86,overcast clouds
380,Madimba,TZ,-10.4,40.3333,74.52,88,20,11.5,few clouds
381,Brae,GB,60.3964,-1.353,53.06,84,87,29.59,overcast clouds
382,Kyabe,TD,9.4515,18.9449,79.3,47,100,2.28,overcast clouds
383,Solnechnyy,RU,50.7214,136.6319,28.96,70,1,3.0,clear sky
384,Sarkikaraagac,TR,38.0794,31.3664,47.08,59,48,5.19,scattered clouds
385,Jalu,LY,29.0331,21.5482,70.52,37,0,6.8,clear sky
386,Canto Do Buriti,BR,-8.11,-42.9444,89.64,39,99,3.91,overcast clouds
387,Japura,ID,-0.3167,102.35,73.56,99,100,1.74,moderate rain
388,Grenville,GD,12.1167,-61.6167,82.45,84,100,8.7,light rain
389,Gresham,US,45.4982,-122.4315,52.95,95,100,4.61,light rain
390,Sistranda,NO,63.7256,8.834,49.96,96,100,10.6,light rain
391,Sumenep,ID,-7.0167,113.8667,78.44,76,95,3.71,overcast clouds
392,Reinosa,ES,42.9996,-4.138,68.47,57,100,9.44,overcast clouds
393,Bathsheba,BB,13.2167,-59.5167,77.61,94,20,20.71,few clouds
394,Porosozero,RU,62.7191,32.727,41.68,97,100,6.11,overcast clouds
395,Ketchikan,US,55.3422,-131.6461,45.07,81,100,8.05,moderate rain
396,Haines Junction,CA,60.7522,-137.5108,17.55,79,100,2.3,overcast clouds
397,Dukat,RU,62.55,155.55,-7.15,100,77,4.7,broken clouds
398,Longyearbyen,SJ,78.2186,15.6401,24.64,58,75,8.05,broken clouds
399,Nicoya,CR,10.1483,-85.452,84.34,69,16,2.35,few clouds
400,Caldwell,US,43.6629,-116.6874,55.53,43,0,8.05,clear sky
401,Garzon,CO,2.1959,-75.6278,79.39,72,100,4.23,moderate rain
402,Isparta,TR,38.0,31.0,47.89,56,42,10.47,scattered clouds
403,Sao Felix Do Xingu,BR,-6.6447,-51.995,82.22,68,95,4.59,overcast clouds
404,Talakan,RU,50.3167,130.3667,28.62,57,0,1.48,clear sky
405,Naze,JP,28.3667,129.4833,72.52,76,63,18.5,broken clouds
406,Beloha,MG,-25.1667,45.05,71.53,85,100,6.46,overcast clouds
407,Beipiao,CN,41.7919,120.7792,36.12,41,0,1.77,clear sky
408,Tomatlan,MX,19.9333,-105.25,87.57,57,0,5.93,clear sky
409,Pong,TH,19.1493,100.2752,70.09,98,14,1.3,few clouds
410,Chortomlyk,UA,47.6232,34.142,52.27,69,63,0.81,broken clouds
411,Pitimbu,BR,-7.4706,-34.8086,82.99,74,54,13.24,broken clouds
412,Dakar,SN,14.6937,-17.4441,85.08,79,0,2.3,clear sky
413,Namtsy,RU,62.7161,129.6658,19.29,87,100,15.03,overcast clouds
414,Abu Zabad,SD,12.35,29.25,82.09,26,30,10.18,scattered clouds
415,Los Llanos De Aridane,ES,28.6585,-17.9182,74.12,72,0,3.44,clear sky
416,Touros,BR,-5.1989,-35.4608,79.68,74,78,15.23,broken clouds
417,Methoni,GR,36.8197,21.7049,62.46,59,0,9.22,clear sky
418,Gorontalo,ID,0.5412,123.0595,75.99,93,100,1.97,overcast clouds
419,Valdosta,US,30.8327,-83.2785,77.7,65,100,10.36,overcast clouds
420,Bilma,NE,18.6853,12.9164,76.03,21,0,9.69,clear sky
421,Bollnas,SE,61.3482,16.3946,51.76,90,100,8.1,overcast clouds
422,Smithers,CA,54.7804,-127.1743,41.32,65,100,9.22,overcast clouds
423,Bocas Del Toro,PA,9.3333,-82.25,82.94,68,8,5.93,clear sky
424,Diapaga,BF,12.0708,1.7889,80.02,22,2,6.82,clear sky
425,Nishihara,JP,26.1842,127.7558,74.48,76,40,11.5,scattered clouds
426,Gushikawa,JP,26.3544,127.8686,74.43,80,0,6.91,clear sky
427,Oktyabrskoye,RU,43.0645,44.7417,46.54,93,100,2.24,light rain
428,Kharitonovo,RU,61.4009,47.4978,38.41,98,100,7.45,light rain
429,Zhigansk,RU,66.7697,123.3711,-4.85,98,68,5.26,broken clouds
430,Rochegda,RU,62.8,43.25,36.01,99,100,3.87,overcast clouds
431,North Bend,US,43.4065,-124.2243,66.92,83,100,8.05,overcast clouds
432,Lamu,KE,-2.2717,40.902,77.22,83,13,11.01,few clouds
433,Saint-Pierre,RE,-21.3393,55.4781,72.91,73,0,5.75,clear sky
434,Mikhaylovka,RU,50.06,43.2379,38.79,89,100,8.3,overcast clouds
435,Tazmalt,DZ,36.3868,4.3989,71.06,33,4,1.43,clear sky
436,Kaka,TM,37.3482,59.6143,61.54,41,13,2.86,few clouds
437,Pangody,RU,65.85,74.4859,17.46,90,36,13.82,scattered clouds
438,Jiwani,PK,25.05,61.7417,79.84,76,95,7.52,overcast clouds
439,Hofn,IS,64.2539,-15.2082,39.49,74,17,9.75,few clouds
440,Vostok,RU,46.4856,135.8833,30.36,95,100,2.35,overcast clouds
441,Koumac,NC,-20.5667,164.2833,77.7,76,49,1.97,scattered clouds
442,Kupang,ID,-10.1667,123.5833,78.48,84,100,4.5,overcast clouds
443,Ust-Tsilma,RU,65.441,52.1498,27.5,92,100,4.05,overcast clouds
444,Mgandu,TZ,-5.95,34.1333,71.67,28,10,10.07,clear sky
445,Norman Wells,CA,65.282,-126.8329,15.84,86,100,2.3,light snow
446,Gambela,ET,8.25,34.5833,74.61,79,100,3.91,overcast clouds
447,Hasaki,JP,35.7333,140.8333,50.22,72,0,12.28,clear sky
448,Esmeraldas,BR,-19.7625,-44.3139,84.31,34,59,8.37,light rain
449,Mount Vernon,US,40.9126,-73.8371,59.14,47,75,10.36,broken clouds
450,Tambura,SS,5.6,27.4667,70.88,91,100,2.17,light rain
451,Ulaangom,MN,49.9811,92.0667,33.48,51,100,11.01,overcast clouds
452,Dunedin,NZ,-45.8742,170.5036,56.8,66,92,1.01,overcast clouds
453,Sao Miguel Do Araguaia,BR,-13.275,-50.1628,92.3,38,60,1.03,broken clouds
454,Krasnaya Gorka,RU,55.1962,56.6673,31.59,73,99,4.21,overcast clouds
455,Quarai,BR,-30.3875,-56.4514,84.04,28,0,4.5,clear sky
456,Biloela,AU,-24.4167,150.5,69.31,44,83,5.1,broken clouds
457,Okhotsk,RU,59.3833,143.3,23.63,59,100,5.46,overcast clouds
458,Guaruja,BR,-23.9931,-46.2564,78.84,73,100,5.99,overcast clouds
459,Ucluelet,CA,48.9329,-125.5528,52.11,94,55,6.13,broken clouds
460,Brockville,CA,44.5834,-75.6826,55.15,49,64,5.01,broken clouds
461,Shimoda,JP,34.6667,138.95,57.11,72,12,7.54,few clouds
462,Petatlan,MX,17.5167,-101.2667,89.4,69,78,6.55,broken clouds
463,Kolosovka,RU,56.4678,73.611,28.13,93,100,13.15,light snow
464,Bonnyville,CA,54.2668,-110.735,53.31,31,100,17.6,overcast clouds
465,Severnoye,RU,56.3491,78.3619,27.37,86,100,15.32,overcast clouds
466,Talara,PE,-4.5772,-81.2719,70.56,68,0,13.8,clear sky
467,Shirokiy,RU,49.758,129.523,26.91,55,0,2.68,clear sky
468,Pacific Grove,US,36.6177,-121.9166,67.64,67,0,8.01,clear sky
469,Marshfield,US,44.6689,-90.1718,59.2,41,0,8.05,clear sky
470,Shitanjing,CN,39.2342,106.3439,46.58,84,96,1.9,overcast clouds
471,Catuday,PH,16.2923,119.8062,80.69,80,99,15.28,moderate rain
472,Biu,NG,10.6129,12.1946,74.34,29,69,6.6,broken clouds
473,Sterling,US,39.0062,-77.4286,59.79,62,100,8.05,overcast clouds
474,Aguimes,ES,27.9054,-15.4461,72.23,88,0,9.22,clear sky
475,Macenta,GN,8.5435,-9.471,73.62,79,100,1.19,overcast clouds
476,San Rafael,AR,-34.6177,-68.3301,86.07,9,98,4.23,overcast clouds
477,Avera,US,33.194,-82.5271,74.71,43,100,10.47,overcast clouds
478,Aripuana,BR,-9.1667,-60.6333,79.72,84,99,5.59,overcast clouds
479,Sibolga,ID,1.7427,98.7792,75.49,89,100,2.24,overcast clouds
480,Darhan,MN,49.4867,105.9228,38.57,47,99,1.74,overcast clouds
481,Maceio,BR,-9.6658,-35.7353,80.04,73,20,11.5,few clouds
482,Baie-Saint-Paul,CA,47.4411,-70.4986,51.06,67,6,15.01,clear sky
483,Guerrero Negro,MX,27.9769,-114.0611,78.08,41,87,9.1,overcast clouds
484,Praia Da Vitoria,PT,38.7333,-27.0667,59.76,67,0,8.86,clear sky
485,Basco,PH,20.4487,121.9702,79.93,83,100,33.11,overcast clouds
486,Ixtapa,MX,20.7,-105.2,86.23,61,0,6.91,clear sky
487,Muzhi,RU,65.3667,64.6667,22.44,80,4,10.65,clear sky
488,Qui Nhon,VN,13.7667,109.2333,74.3,90,100,14.18,overcast clouds
489,Chuy,UY,-33.6971,-53.4616,77.52,51,0,8.68,clear sky
490,Haverfordwest,GB,51.8017,-4.9691,60.55,90,97,4.0,overcast clouds
491,Muros,ES,42.7762,-9.0603,64.09,88,100,20.94,light rain
492,Madisonville,US,37.3281,-87.4989,72.95,48,78,1.99,broken clouds
493,Sobolevo,RU,54.4299,31.8996,45.19,97,100,6.15,overcast clouds
494,Beba,CU,22.4437,-79.7253,84.47,61,25,12.06,scattered clouds
495,Selma,US,36.5708,-119.6121,75.34,32,0,0.0,clear sky
496,Borba,BR,-4.3878,-59.5939,89.06,57,100,1.95,heavy intensity rain
497,Deer Lake,CA,49.1667,-57.4316,42.03,62,6,12.17,clear sky
498,Parrita,CR,9.5201,-84.3225,82.36,75,22,6.53,few clouds
499,Mount Gambier,AU,-37.8333,140.7667,49.57,78,100,6.67,overcast clouds
500,Batagay,RU,67.6333,134.6333,12.0,96,100,4.61,light snow
501,Mpika,ZM,-11.8343,31.4529,70.36,30,4,7.85,clear sky
502,Dwarka,IN,22.2394,68.9678,80.42,65,0,10.4,clear sky
503,Abha,SA,18.2164,42.5053,57.45,94,0,0.0,clear sky
504,Beringovskiy,RU,63.05,179.3167,12.31,83,76,18.3,broken clouds
505,Lorengau,PG,-2.0226,147.2712,80.42,82,100,5.48,overcast clouds
506,Tilichiki,RU,60.4667,166.1,7.11,88,54,7.05,broken clouds
507,Riacho De Santana,BR,-13.6092,-42.9389,91.74,23,91,4.52,overcast clouds
508,Nobeoka,JP,32.5833,131.6667,58.68,84,0,7.81,clear sky
509,Gravdal,NO,68.1214,13.5031,40.89,100,75,2.3,light intensity drizzle
510,Liberal,US,37.0431,-100.921,61.84,58,75,6.91,broken clouds
511,Kibala,TD,9.1104,18.3463,79.38,51,100,1.59,overcast clouds
512,Baruun-Urt,MN,46.6806,113.2792,30.61,33,37,3.2,scattered clouds
513,Villamontes,BO,-21.25,-63.5,100.56,21,0,13.42,clear sky
514,Clyde River,CA,70.4692,-68.5914,13.1,85,100,20.56,overcast clouds
515,Nipawin,CA,53.3668,-104.0009,46.65,54,100,7.78,overcast clouds
516,Aleksandrovskoye,RU,44.7142,43.0008,47.35,80,93,9.57,overcast clouds
517,Pangkalanbuun,ID,-2.6833,111.6167,72.95,97,100,1.36,overcast clouds
518,Abbeville,FR,50.1,1.8333,57.49,89,100,0.63,overcast clouds
519,Enid,US,36.3956,-97.8784,64.56,51,100,14.97,overcast clouds
520,Rakai,UG,-0.72,31.4839,63.93,75,55,4.76,broken clouds
521,Kalamare,BW,-22.9337,26.5703,75.63,46,17,6.98,few clouds
522,Sinnamary,GF,5.3833,-52.95,83.17,74,16,10.36,few clouds
523,Harper,LR,4.375,-7.7169,77.68,88,58,4.32,light rain
524,Byron Bay,AU,-28.65,153.6167,62.94,65,0,5.3,clear sky
525,Faya,SA,18.3851,42.4509,57.72,61,17,2.01,few clouds
526,Rio Gallegos,AR,-51.6226,-69.2181,48.25,29,40,36.82,scattered clouds
527,Tshikapa,CD,-6.4167,20.8,71.74,97,100,5.66,moderate rain
528,Aiquile,BO,-18.2041,-65.1807,80.11,30,15,20.29,few clouds
529,Nouadhibou,MR,20.931,-17.0347,73.15,68,4,18.61,clear sky
530,Dortyol,TR,36.8616,36.2289,68.88,44,7,1.34,clear sky
531,Kanniyakumari,IN,8.0833,77.5667,79.57,76,99,7.36,overcast clouds
532,Luau,AO,-10.7073,22.2247,70.47,77,100,6.76,overcast clouds
533,Hanzhong,CN,33.0728,107.0303,53.04,88,99,1.36,overcast clouds
534,Troy,US,42.6056,-83.1499,61.43,53,0,5.75,clear sky
535,Lata,PT,40.1629,-8.3327,69.82,68,86,6.71,overcast clouds
536,Alpena,US,45.0617,-83.4327,57.45,65,0,8.05,clear sky
537,Volchansk,RU,59.9378,60.081,26.2,91,76,2.19,broken clouds
538,Malatya,TR,38.5,38.0,53.65,33,0,6.91,clear sky
539,Tazovskiy,RU,67.4667,78.7,21.38,93,83,15.86,broken clouds
540,Leningradskiy,RU,69.3833,178.4167,9.27,93,100,15.93,overcast clouds
541,Kyzyl-Suu,KG,42.3414,78.0056,38.95,55,9,7.09,clear sky
542,Dingle,PH,10.9995,122.6711,75.85,97,100,21.72,moderate rain
543,Russell,US,32.3502,-85.1999,76.15,50,100,6.91,overcast clouds
544,Port-Gentil,GA,-0.7193,8.7815,75.16,100,100,3.44,thunderstorm with light rain
545,Tukrah,LY,32.5341,20.5791,69.55,58,0,22.28,clear sky
546,Road Town,VG,18.4167,-64.6167,86.09,74,40,9.22,scattered clouds
547,Abnub,EG,27.2696,31.1511,74.1,46,0,10.36,clear sky
548,Aklavik,CA,68.2191,-135.0107,12.42,95,100,6.53,light snow
549,Kruisfontein,ZA,-34.0033,24.7314,60.89,76,99,17.98,overcast clouds
550,De-Kastri,RU,51.4667,140.7833,30.79,82,5,2.91,clear sky
551,Aleksandrov Gay,RU,50.147,48.5704,37.87,95,100,10.56,light rain
552,Flores,GT,16.9226,-89.8994,88.52,46,61,2.98,broken clouds
553,Xixiang,CN,35.1628,112.865,57.29,70,100,3.31,overcast clouds
554,Horsham,GB,51.064,-0.3272,55.56,90,0,2.3,clear sky
555,Castrillon,ES,43.3979,-6.7922,65.17,71,100,9.8,overcast clouds
556,Veraval,IN,20.9,70.3667,78.73,61,0,6.13,clear sky
557,Santiago,CL,-33.4569,-70.6483,82.29,31,75,16.11,broken clouds
558,Miri,MY,4.4148,114.0089,76.3,92,99,7.05,overcast clouds
559,Honningsvag,NO,70.9821,25.9704,38.95,81,100,14.97,overcast clouds
560,Rawah,IQ,34.4816,41.9093,70.72,30,0,8.93,clear sky
561,Bergen,NO,60.392,5.328,56.16,94,75,19.57,light intensity drizzle
562,Santa Cruz De La Palma,ES,28.6835,-17.7642,78.13,88,0,3.44,clear sky
563,Berlin,DE,52.5244,13.4105,66.18,80,0,8.99,clear sky
564,Asau,RO,46.4333,26.4,43.72,79,87,5.44,overcast clouds
565,Ajdabiya,LY,30.7554,20.2263,71.01,60,0,6.93,clear sky
566,Masyaf,SY,35.0653,36.3406,66.56,50,3,1.36,clear sky
567,Yiyang,CN,28.5892,112.3283,58.15,95,100,6.13,overcast clouds
568,Prince George,CA,53.9166,-122.753,46.26,55,100,1.99,overcast clouds
569,Portland,US,45.5234,-122.6762,54.05,94,100,5.75,light rain
570,Graham,US,47.0529,-122.2943,55.69,83,40,4.61,scattered clouds
571,Kalabo,ZM,-14.97,22.6814,77.11,44,100,4.38,light rain
572,Anloga,GH,5.7947,0.8973,81.01,80,100,9.06,light rain
573,Vanimo,PG,-2.6741,141.3028,79.97,82,100,5.35,overcast clouds
574,Lavrentiya,RU,65.5833,-171.0,19.35,71,92,7.58,overcast clouds
575,Kasempa,ZM,-13.4584,25.8338,75.88,33,93,2.86,overcast clouds
576,Bulgan,MN,48.8125,103.5347,30.31,84,100,1.79,overcast clouds
577,Kankon,IN,15.0167,74.0167,76.8,65,93,4.25,overcast clouds
578,Yumen,CN,40.2833,97.2,43.81,40,0,5.91,clear sky
579,Matara,LK,5.9485,80.5353,76.33,84,10,4.16,clear sky
580,Amurrio,ES,43.05,-3.0,72.12,58,93,6.58,overcast clouds
581,Tooele,US,40.5308,-112.2983,53.22,50,0,6.91,clear sky
582,Ahipara,NZ,-35.1667,173.1667,65.17,89,98,12.48,overcast clouds
583,Kristiansund,NO,63.1115,7.732,52.45,93,75,4.61,light rain
584,Fort-Shevchenko,KZ,44.5086,50.263,55.51,69,84,19.69,broken clouds
585,Novovarshavka,RU,54.1721,74.6946,25.05,83,99,13.22,overcast clouds
586,Narrabri,AU,-30.3167,149.7833,53.53,93,0,4.03,light rain
587,Benghazi,LY,32.1167,20.0667,70.59,61,0,21.94,clear sky
588,Mangan,IN,27.5167,88.5333,61.5,55,0,6.46,clear sky
589,Komsomolskiy,UZ,40.4272,71.7189,52.52,76,85,4.61,overcast clouds
590,Springbok,ZA,-29.6643,17.8865,65.59,42,93,3.49,overcast clouds
591,Araouane,ML,18.9048,-3.5265,80.01,10,0,10.78,clear sky
592,Formosa,AR,-26.1775,-58.1781,87.78,55,75,5.75,broken clouds
593,Hualmay,PE,-11.0964,-77.6139,67.12,70,9,10.6,clear sky
594,Alzamay,RU,55.5562,98.6644,34.3,70,100,8.39,overcast clouds
595,Marzuq,YE,14.4,46.4667,65.75,45,0,1.97,clear sky
596,Dzhebariki-Khaya,RU,62.2167,135.8,22.48,95,100,10.27,light snow
597,Laredo,US,27.5064,-99.5075,79.09,21,0,18.41,clear sky
598,San Juan Del Sur,NI,11.2529,-85.8705,83.34,69,14,13.38,few clouds
599,Mangai,CD,-4.05,19.5333,69.89,94,99,2.42,overcast clouds
600,Paris,FR,48.8534,2.3488,67.1,84,0,3.44,clear sky
601,Vestmannaeyjar,IS,63.4427,-20.2734,42.42,77,12,8.19,few clouds
602,Paamiut,GL,61.994,-49.6678,35.02,96,100,15.86,snow
603,Coquimbo,CL,-29.9533,-71.3436,58.73,77,40,11.5,scattered clouds
604,Raga,SS,8.4596,25.678,77.11,46,100,1.03,overcast clouds
605,Igrim,RU,63.1906,64.4162,23.52,91,6,4.72,clear sky
606,Hobyo,SO,5.3505,48.5268,79.77,77,5,10.49,clear sky
607,Atasu,KZ,48.6814,71.6433,23.99,68,19,5.44,few clouds
608,Nioro,GM,13.35,-15.75,81.97,61,100,4.76,overcast clouds
609,Lisakovsk,KZ,52.5369,62.4936,15.94,86,34,6.58,scattered clouds
610,Maldonado,UY,-34.6667,-54.9167,76.39,54,100,1.1,overcast clouds
611,Khanpur,PK,28.6453,70.6567,76.68,30,6,8.3,clear sky
612,Quatre Cocos,MU,-20.2078,57.7625,74.08,76,77,9.86,light rain
613,Point Pedro,LK,9.8167,80.2333,79.61,77,35,8.03,scattered clouds
614,Chongwe,ZM,-15.3292,28.682,75.54,38,9,4.41,clear sky
615,Uyar,RU,55.81,94.3153,28.98,81,57,12.53,broken clouds
616,Nelson Bay,AU,-32.7167,152.15,63.0,66,0,7.0,clear sky
617,Morondava,MG,-20.2833,44.2833,79.23,77,37,15.73,scattered clouds
618,Atar,MR,20.5169,-13.0499,89.51,15,0,11.63,clear sky
619,Rodrigues Alves,BR,-7.738,-72.6509,78.21,93,100,4.03,overcast clouds
620,Ciudad Bolivar,VE,8.1222,-63.5497,86.41,56,100,5.57,overcast clouds
621,Kyra,RU,49.5776,111.9753,26.78,67,89,1.77,overcast clouds
622,Kinkala,CG,-4.3614,14.7644,71.89,93,100,3.58,light rain
623,Bastia,FR,42.6667,9.3333,64.29,73,0,5.75,clear sky
624,Moron,AR,-34.6534,-58.6198,92.98,24,78,10.74,broken clouds
625,Hadejia,NG,12.4498,10.0444,81.91,19,95,7.61,overcast clouds
626,Villa Union,MX,23.2,-106.2333,85.96,62,0,4.61,clear sky
627,Weihai,CN,37.5017,122.1136,54.36,52,1,7.96,clear sky
628,Uyuni,BO,-20.4597,-66.825,60.12,4,0,15.08,clear sky
629,Saint Anthony,US,45.0205,-93.218,63.77,43,0,12.66,clear sky
630,Dinar,TR,38.065,30.1656,53.56,58,56,6.85,broken clouds
631,Petropavlovsk-Kamchatskiy,RU,53.0452,158.6483,25.39,80,0,6.71,clear sky
632,Kamakhyanagar,IN,20.9333,85.55,68.02,70,0,0.72,clear sky
633,Slonim,BY,53.0867,25.3219,50.45,94,35,6.22,scattered clouds
634,Iqaluit,CA,63.7506,-68.5145,20.01,88,100,39.24,snow
635,Bartica,GY,6.4,-58.6167,89.92,53,64,4.36,broken clouds
636,Batticaloa,LK,7.7102,81.6924,77.38,76,26,2.86,scattered clouds
637,Albania,AL,41.0,20.0,63.39,47,0,5.14,clear sky
638,Zacapu,MX,19.8333,-101.7167,79.59,37,4,2.19,clear sky
639,Kenai,US,60.5544,-151.2583,23.14,85,0,0.0,clear sky
640,Santa Fe,AR,-31.6333,-60.7,93.02,22,0,17.0,light rain
641,Bardsir,IR,29.9227,56.5743,60.39,24,99,5.41,overcast clouds
642,Corinto,GR,37.9407,22.9573,66.88,59,0,6.91,clear sky
643,San Pedro De Macoris,DO,18.4616,-69.2972,84.81,74,73,7.49,broken clouds
644,Requena,ES,39.4883,-1.1004,57.52,74,100,4.56,overcast clouds
645,San Pelayo,CO,8.9583,-75.8363,86.43,65,46,7.87,scattered clouds
646,Turukhansk,RU,65.8167,87.9833,19.72,93,100,16.06,light snow
647,Puerto Madero,MX,14.7208,-92.4215,88.0,74,75,11.5,broken clouds
648,Nuuk,GL,64.1835,-51.7216,36.21,93,100,27.63,light snow
649,Sinazongwe,ZM,-17.2614,27.4618,80.74,48,11,2.04,few clouds
650,Yarim,YE,14.298,44.3779,52.81,32,0,5.37,clear sky
651,Pakaur,IN,24.6333,87.85,68.94,58,0,3.65,clear sky
652,Rehoboth,NA,-23.3167,17.0833,78.44,12,0,13.06,clear sky
653,Ahar,IR,38.4774,47.0699,47.12,66,57,4.85,broken clouds
654,Maarianhamina,AX,60.0973,19.9348,53.46,94,100,3.44,overcast clouds
655,Gold Coast,AU,-28.0,153.4333,69.01,76,0,2.3,clear sky
656,Pangnirtung,CA,66.1451,-65.7125,23.27,78,92,8.32,overcast clouds
657,Champerico,GT,14.3,-91.9167,90.14,71,10,6.85,light rain
658,Sechura,PE,-5.5569,-80.8222,73.38,61,57,14.63,broken clouds
659,Sidney,AU,-33.8679,151.2073,62.28,57,20,9.22,few clouds
660,Saint-Augustin,CA,51.226,-58.6502,43.74,40,3,17.16,clear sky
661,Port Arthur,CN,38.8,121.2667,43.02,50,34,15.5,scattered clouds
662,Christchurch,NZ,-43.5333,172.6333,68.47,72,75,6.91,broken clouds
663,Usinsk,RU,65.9939,57.5281,14.2,97,76,7.36,broken clouds
664,Saint-Joseph,RE,-21.3667,55.6167,68.38,79,20,8.23,few clouds
665,Umm Lajj,SA,25.0213,37.2685,79.92,58,6,9.08,clear sky
666,Antalaha,MG,-14.9003,50.2788,68.68,88,7,3.56,clear sky
667,Glendive,US,47.1053,-104.7125,57.18,37,0,11.5,clear sky
668,Ojinaga,MX,29.5667,-104.4167,68.58,37,0,12.66,clear sky
669,Joshimath,IN,30.5667,79.5667,52.07,27,0,7.78,clear sky
670,Kudymkar,RU,59.0173,54.656,32.38,98,100,6.82,light snow
671,Huron,US,41.1501,-82.5499,59.52,55,100,7.02,overcast clouds
672,Aasiaat,GL,68.7098,-52.8699,34.54,99,100,9.37,snow
673,Ostersund,SE,63.1792,14.6357,48.65,81,100,11.5,overcast clouds
674,Sabzevar,IR,36.2126,57.6819,63.21,38,46,6.58,scattered clouds
675,Ziarat,PK,30.3823,67.7282,50.11,20,66,6.96,broken clouds
676,Dongzhen,CN,22.3797,110.9389,69.1,70,6,4.45,clear sky
677,Amahai,ID,-3.3333,128.9167,79.05,85,100,2.08,overcast clouds
678,Arman,RU,59.7,150.1667,18.1,58,93,5.35,overcast clouds
679,Wewak,PG,-3.5534,143.6268,78.33,87,100,7.27,overcast clouds
680,Laguna,US,38.421,-121.4238,74.08,35,0,4.61,clear sky
